Promo,rows,actual_sales,predicted_sales,rmspe,mean_actual,mean_prediction,bias_pct
0,23968,106916606,106631359.26727328,0.14737337989961663,4460.806325100133,4448.905176371549,-0.26679366601547655
1,17120,142482796,136834883.60874283,0.14217748688140983,8322.593224299066,7992.6917995761005,-3.963925856183484
