Promo2Active,rows,stores,mean_sales,median_sales,mean_customers,promo_share
0,294705,571,6596.17848017509,6096.0,685.4366264569654,0.4435418469316774
1,126380,571,6470.2580788099385,6028.0,671.8995410666245,0.45236588067732236
