StateHolidayCode,rows,stores,open_rate,total_sales,mean_sales_all_rows,open_rows,open_stores,mean_sales_open,median_sales_open,mean_customers_open,promo_share_open
0,986159,1115,0.855320490914751,5865164768,5947.48389255688,843482,1115,6953.515034108612,6368.0,762.0767188867101,0.44631657818424103
a,20260,1115,0.034254689042448175,5890305,290.7356860809477,694,156,8487.471181556197,7556.0,1279.1729106628243,0.5561959654178674
b,6690,1115,0.021674140508221227,1433744,214.31150971599402,145,32,9887.889655172414,8423.0,1686.8896551724138,0.3448275862068966
c,4100,1115,0.01731707317073171,691806,168.7331707317073,71,20,9743.74647887324,8397.0,1569.225352112676,0.0
