DayOfWeek,rows,stores,total_sales,mean_sales,median_sales,mean_customers,promo_share,zero_sales_rows,DayName
1,137560,1115,1130203012,8216.073073567897,7539.0,855.4449840069788,0.5615222448386159,3,Monday
2,143961,1115,1020411930,7088.1136557817745,6502.0,769.986753356812,0.5356867484943839,6,Tuesday
3,141936,1115,954962863,6728.122977961898,6210.0,740.5988755495434,0.537263273588096,14,Wednesday
4,134644,1115,911177709,6767.310158640564,6246.0,755.5697840230533,0.5505109770951546,18,Thursday
5,138640,1115,980555941,7072.677012406232,6580.0,781.7716387766878,0.5204486439699942,7,Friday
6,144058,1115,846317735,5874.840237959711,5425.0,660.1775257188077,0.0,6,Saturday
7,3593,33,29551433,8224.723907598107,6876.0,1441.5324241580852,0.0,0,Sunday
