CompetitionDistanceGroup,stores,minimum_distance,median_distance,maximum_distance,mean_store_sales,median_store_sales,mean_customers
"(19.999, 520.0]",226,20.0,250.0,520.0,7552.970568179183,6996.327606363469,954.0485722382832
"(520.0, 1600.0]",221,530.0,1060.0,1600.0,6783.740496856228,6063.507653061224,795.7774169713049
"(1600.0, 3450.0]",221,1610.0,2330.0,3450.0,6719.41239544384,6464.323979591837,706.0930668730737
"(3450.0, 8666.0]",221,3460.0,5300.0,8650.0,6798.294706597258,6629.749034749035,662.9273962334511
"(8666.0, 75860.0]",223,8670.0,15700.0,75860.0,6824.875188984068,6703.3961538461535,653.0306769565742
