CompetitionStatus,rows,stores,mean_sales,median_sales,mean_customers,promo_share
Competitor active,505665,758,6932.041112198788,6343.0,760.6292031285535,0.4474246783937983
Competitor not yet active,70108,191,7215.2835910309805,6620.0,781.5216808352827,0.44137616249215494
Unknown opening date,268619,354,6931.903372434564,6350.0,761.7751052606108,0.4456311727763114
