SchoolHoliday,rows,stores,mean_sales,median_sales,mean_customers,promo_share,sales_vs_no_holiday_pct
0,680935,1115,6896.7824109496505,6326.0,757.83317203551,0.43929743661289256,0.0
1,163457,1115,7200.181650219935,6562.0,783.1210899502621,0.47573979701083463,4.399141819939012
