StoreType,Assortment,stores,mean_promo_uplift_pct,median_promo_uplift_pct
a,a,381,48.99834042930822,47.09829690622127
d,a,128,42.49812023534452,43.480935340686216
a,c,221,40.32999103539718,41.29832699144287
c,a,77,37.36680086017302,35.9292432949424
b,a,7,35.43773040895346,35.97671638328346
d,c,220,34.55285979674217,34.695215385479194
c,c,71,33.396671463706056,32.428439429823165
b,c,1,20.52827187450008,20.52827187450008
b,b,9,6.224222772608617,7.663851945776345
