StoreType,Assortment,stores,pct_of_sunday_stores
a,c,13,39.39393939393939
b,b,9,27.27272727272727
b,a,7,21.21212121212121
d,c,2,6.0606060606060606
b,c,1,3.0303030303030303
d,a,1,3.0303030303030303
