population,rows,total_sales,mean_sales,median_sales,std_sales,minimum,p25,p75,p90,p95,p99,maximum,zero_sales_rows
All historical rows,1017209,5873180623,5773.818972305593,5744.0,3849.9261752347593,0,3727.0,7856.0,10288.0,12137.0,17160.0,41551,172871
Open-store rows,844392,5873180623,6955.514290755952,6369.0,3104.214680428348,0,4859.0,8360.0,10771.0,12668.0,17789.0,41551,54
Open stores with positive sales,844338,5873180623,6955.959133664481,6369.0,3103.81551549056,46,4859.0,8360.0,10771.0,12668.0,17789.0,41551,0
