Promo,Promo2Active,rows,stores,mean_sales,median_sales,mean_customers
0,0,163991,571,5575.23586050454,5214.0,622.3090779372038
0,1,69210,571,5419.357563935848,5108.0,608.4515387949718
1,0,130714,571,7877.031343237909,7377.0,764.6351041204462
1,1,57170,571,7742.478205352458,7317.0,748.7096903970614
