Promo,rows,stores,total_sales,mean_sales,median_sales,mean_customers,median_customers,zero_sales_rows,sales_vs_non_promo_pct
0,467496,1115,2771974337,5929.407603487516,5459.0,696.856886476034,610.0,33,0.0
1,376896,1115,3101206286,8228.281239386994,7649.0,844.4344010018679,757.0,21,38.77071352874009
