DayOfWeek,rows,stores,mean_sales,median_sales,mean_customers,promo_share,DayName
1,4353,33,9488.19228118539,8520.0,1500.1559843785894,0.5380197564897772,Monday
2,4373,33,8578.175165790075,7606.0,1408.5650583123713,0.5348730848387835,Tuesday
3,4341,33,8381.01382170007,7355.0,1396.2826537664132,0.5351301543423175,Wednesday
4,4322,33,8481.132577510412,7418.5,1425.5872281351226,0.537482646922721,Thursday
5,4312,33,8865.035018552875,7708.0,1507.7444341372914,0.5275974025974026,Friday
6,4359,33,7019.393438862125,6266.0,1213.0649231475109,0.0,Saturday
7,3593,33,8224.723907598107,6876.0,1441.5324241580852,0.0,Sunday
