DayOfWeek,DayName,mean_sales_no_promo,mean_sales_promo,promo_uplift_pct
1,Monday,6222.521494769302,9772.784368810118,57.055051991788105
2,Tuesday,5716.241087324028,8277.201522342384,44.80147698279171
3,Wednesday,5617.044778391875,7685.077815807073,36.81710078884688
4,Thursday,5749.837411807472,7598.070760762516,32.14409759064907
5,Friday,6344.030127096337,7744.066218557273,22.06855994395682
6,Saturday,5874.840237959711,,
7,Sunday,8224.723907598107,,
