CompetitionAgeBand,rows,stores,mean_sales,median_sales,mean_customers,promo_share
0–6 months,34419,250,7098.648072285656,6416.0,776.8960748423835,0.4443185449896859
7–12 months,31195,234,7140.902965218785,6488.0,776.1492546882513,0.4446866485013624
13–24 months,56190,250,7134.854351308062,6457.0,779.6503826303613,0.44584445630895175
25–60 months,131095,332,6896.513139326443,6454.0,755.4067584576071,0.44738548380945115
61–120 months,179289,334,6832.4159652850985,6172.0,750.3719748562377,0.44856628125540327
More than 120 months,73477,139,6916.706602065952,6330.0,766.220164132994,0.4485349156879023
