Promo,open_store_days,forecast_sales,mean_sales,median_sales
0,18852,114181240.75541352,6056.717629716397,5685.761904761905
1,16252,132852876.66274367,8174.55554164064,7745.764705882353
