DayOfWeek,rows,stores,forecast_sales,open_store_days,promo_store_days,mean_sales_per_open_store
1,5992,856,48776118.398305535,5988,3421,8145.644355094445
2,5992,856,43236985.370251335,5988,3421,7220.60543925373
3,5992,856,40368700.100306325,5988,3421,6741.599883150689
4,5992,856,40633700.50353194,5989,3421,6784.722074391708
5,5136,856,36200676.25957545,5135,2568,7049.79089767779
6,5992,856,36372388.36257341,5827,0,6242.043652406625
7,5992,856,1445548.4236131953,189,0,7648.404357741774
