population,rows,mean,median,p90,p99,maximum
Last 48 historical days — actual open-store sales,35262,7072.752594861324,6525.0,10715.900000000001,17246.069999999992,41551.0
Kaggle test horizon — predicted open-store sales,35104,7037.207082331279,6565.686274509804,10330.964285714286,16773.019017241437,29063.134615384617
