top_n_stores,forecast_sales,share_of_total
1,997985.449204244,0.004039868904079123
10,7804587.529951433,0.03159315648996178
25,16039775.639366502,0.06492939439703306
50,27546081.595389947,0.11150719537561855
100,48044931.42611964,0.19448702846495283
